Manufacturer,Model,Weight_pred
Audi,100,3299.527764506724
Pontiac,Sunbird,2574.999999999999
Chevrolet,Lumina,3195.0000000000014
Mazda,RX-7,2897.158193536629
Volkswagen,Fox,2240.0000000000014
